<?xml version='1.0' encoding='UTF-8' ?>
<timeLogEntries>
  <time id="1" path="/Lab2Estru/PSP0/Code" start="@1551976236750" delta="32" interrupt="2" comment="MinHeap" />
  <time id="2" path="/Lab2Estru/PSP0/Code" start="@1552168211594" delta="33" interrupt="2" comment="PrioorityQueu" />
  <time id="3" path="/Lab2Estru/PSP0/Design" start="@1552517740000" delta="38" interrupt="2" comment="Crear los TAD de Stack y MinHEap" />
  <time id="6" path="/Lab2Estru/PSP0/Design" start="@1552520900418" delta="10" interrupt="3" comment="TAD de MinPriorityQueue" />
  <time id="7" path="/Lab2Estru/PSP0/Test" start="@1552522306717" delta="41" comment="Heap Test" />
  <time id="8" path="/Lab2Estru/PSP0/Test" start="@1552525697124" delta="58" interrupt="5" comment="PriorityQueu Test" />
  <time id="9" path="/Lab2Estru/PSP0/Test" start="@1552532562466" delta="2" comment="Revising Tests HashTables" />
  <time id="10" path="/Lab2Estru/PSP0/Test" start="@1552533221197" delta="54" comment="Execution and output of values" />
  <time id="11" path="/Lab2Estru/PSP0/Code" start="@1552536553811" delta="58" comment="Tests for MinHeap" />
  <time id="12" path="/Lab2Estru/PSP0/Code" start="@1552540968763" delta="83" comment="Tests for PriorityQueue" />
  <time id="13" path="/Lab2Estru/PSP0/Design" start="@1552546469305" delta="16" interrupt="3" comment="Class Diagram" />
  <time id="14" path="/Lab2Estru/PSP0/Design" start="@1552578352902" delta="32" comment="Tests design" />
  <time id="15" path="/Lab2Estru/PSP0/Compile" start="@1552533300000" delta="50" interrupt="4" />
  <time id="16" path="/Lab2Estru/PSP0/Compile" start="@1552668055000" delta="15" comment="Various Outputs" />
  <time id="18" path="/Lab2Estru/PSP0/Test" start="@1552661450000" delta="38" interrupt="2" comment="Various outputs" />
  <time id="19" path="/Lab2Estru/PSP0/Planning" start="@1552039110000" delta="30" comment="Ideas on which data structures to use" />
  <time id="20" path="/Lab2Estru/PSP0/Code" start="@1552626936000" delta="5" comment="Modifying the store issue" />
  <time id="21" path="/Lab2Estru/PSP0/Test" start="@1552428147000" delta="90" comment="Finding the error in the output of one test case." />
</timeLogEntries>
