<?xml version='1.0' encoding='UTF-8' ?>
<timeLogEntries>
  <time id="1" path="/Lab2Estru/PSP0/Code" start="@1551976236750" delta="32" interrupt="2" />
  <time id="2" path="/Lab2Estru/PSP0/Code" start="@1552168211594" delta="33" interrupt="2" />
  <time id="3" path="/Lab2Estru/PSP0/Design" start="@1552517740000" delta="38" interrupt="2" comment="Crear los TAD de Stack y MinHEap" />
  <time id="6" path="/Lab2Estru/PSP0/Design" start="@1552520900418" delta="10" interrupt="3" comment="TAD de MinPriorityQueue" />
  <time id="7" path="/Lab2Estru/PSP0/Test" start="@1552522306717" delta="41" comment="Heap Test" />
  <time id="8" path="/Lab2Estru/PSP0/Test" start="@1552525697124" delta="58" interrupt="5" comment="PriorityQueu Test" />
  <time id="9" path="/Lab2Estru/PSP0/Test" start="@1552532562466" delta="2" comment="Revisión de Tests HashTables" />
  <time id="10" path="/Lab2Estru/PSP0/Test" start="@1552533221197" delta="54" />
  <time id="11" path="/Lab2Estru/PSP0/Code" start="@1552536553811" delta="58" />
  <time id="12" path="/Lab2Estru/PSP0/Code" start="@1552540968763" delta="83" />
  <time id="13" path="/Lab2Estru/PSP0/Design" start="@1552546469305" delta="16" interrupt="3" />
</timeLogEntries>
