<?xml version='1.0' encoding='UTF-8' ?>
<timeLogEntries>
  <time id="1" comment="Thinking about the probem and analyzing it" flag="M" />
  <time id="2" comment="Deciding the data structures we will be using" flag="M" />
  <time id="3" comment="finishing the planning and wrapping up the solutions we will use" flag="M" />
  <time id="6" comment="Desingning the interface" flag="M" />
  <time id="7" comment="Desingning the interface" flag="M" />
  <time id="8" comment="Connecting interface with launcher methods in code, class diagram" flag="M" />
  <time id="9" comment="creating data structures" flag="M" />
  <time id="10" comment="finishing data structures and starting model logic" flag="M" />
  <time id="15" comment="Finishing code with errors" flag="M" />
  <time id="11" comment="Compiling the program and reviwing errors" flag="M" />
  <time id="12" comment="Compiling the program and reviwing errors" flag="M" />
  <time id="16" comment="Compiling the program and reviwing errors" flag="M" />
  <time id="13" comment="" flag="M" />
  <time id="14" comment="Testing the software with various test cases" flag="M" />
</timeLogEntries>
