<?xml version='1.0' encoding='UTF-8' ?>
<timeLogEntries>
  <time id="1" path="/Lab2Estru/PSP0/Planning" start="@1551624255235" delta="46" interrupt="7" />
  <time id="2" path="/Lab2Estru/PSP0/Planning" start="@1551628550714" delta="6" />
  <time id="3" path="/Lab2Estru/PSP0/Planning" start="@1551641877926" delta="96" interrupt="1" />
  <time id="4" path="/Lab2Estru/PSP0/Design" start="@1551647746380" delta="1" />
  <time id="5" path="/Lab2Estru/PSP0/Planning" start="@1551647807021" delta="1" />
  <time id="6" path="/Lab2Estru/PSP0/Design" start="@1551647868204" delta="20" />
  <time id="7" path="/Lab2Estru/PSP0/Design" start="@1552140648922" delta="115" />
  <time id="8" path="/Lab2Estru/PSP0/Design" start="@1552168406564" delta="43" />
  <time id="9" path="/Lab2Estru/PSP0/Code" start="@1552170962122" delta="100" />
  <time id="10" path="/Lab2Estru/PSP0/Code" start="@1552529940660" delta="151" />
  <time id="11" path="/Lab2Estru/PSP0/Compile" start="@1552539012505" delta="24" />
  <time id="12" path="/Lab2Estru/PSP0/Compile" start="@1552541261119" delta="29" />
</timeLogEntries>
